sepal_length,actual_petal_length,predicted_petal_length,residual
5.1,1.4,2.3765648194972346,-0.9765648194972347
4.9,1.4,2.0048782238462675,-0.6048782238462675
4.7,1.3,1.6331916281953003,-0.33319162819530024
4.6,1.5,1.447348330369815,0.05265166963018508
5.0,1.4,2.190721521671751,-0.7907215216717511
5.4,1.7,2.934094712973689,-1.234094712973689
4.6,1.4,1.447348330369815,-0.047348330369815006
5.0,1.5,2.190721521671751,-0.690721521671751
4.4,1.4,1.0756617347188477,0.32433826528115217
4.9,1.5,2.0048782238462675,-0.5048782238462675
5.4,1.5,2.934094712973689,-1.434094712973689
4.8,1.6,1.819034926020782,-0.219034926020782
4.8,1.4,1.819034926020782,-0.4190349260207822
4.3,1.1,0.8898184368933624,0.21018156310663771
5.8,1.2,3.6774679042756233,-2.477467904275623
5.7,1.5,3.4916246064501397,-1.9916246064501397
5.4,1.3,2.934094712973689,-1.634094712973689
5.1,1.4,2.3765648194972346,-0.9765648194972347
5.7,1.7,3.4916246064501397,-1.7916246064501398
5.1,1.5,2.3765648194972346,-0.8765648194972346
5.4,1.7,2.934094712973689,-1.234094712973689
5.1,1.5,2.3765648194972346,-0.8765648194972346
4.6,1.0,1.447348330369815,-0.4473483303698149
5.1,1.7,2.3765648194972346,-0.6765648194972347
4.8,1.9,1.819034926020782,0.08096507397921782
5.0,1.6,2.190721521671751,-0.590721521671751
5.0,1.6,2.190721521671751,-0.590721521671751
5.2,1.5,2.56240811732272,-1.06240811732272
5.2,1.4,2.56240811732272,-1.16240811732272
4.7,1.6,1.6331916281953003,-0.033191628195300193
4.8,1.6,1.819034926020782,-0.219034926020782
5.4,1.5,2.934094712973689,-1.434094712973689
5.2,1.5,2.56240811732272,-1.06240811732272
5.5,1.4,3.1199380107991708,-1.7199380107991709
4.9,1.5,2.0048782238462675,-0.5048782238462675
5.0,1.2,2.190721521671751,-0.9907215216717511
5.5,1.3,3.1199380107991708,-1.8199380107991707
4.9,1.4,2.0048782238462675,-0.6048782238462675
4.4,1.3,1.0756617347188477,0.2243382652811523
5.1,1.5,2.3765648194972346,-0.8765648194972346
5.0,1.3,2.190721521671751,-0.890721521671751
4.5,1.3,1.2615050325443313,0.038494967455668716
4.4,1.3,1.0756617347188477,0.2243382652811523
5.0,1.6,2.190721521671751,-0.590721521671751
5.1,1.9,2.3765648194972346,-0.4765648194972347
4.8,1.4,1.819034926020782,-0.4190349260207822
5.1,1.6,2.3765648194972346,-0.7765648194972345
4.6,1.4,1.447348330369815,-0.047348330369815006
5.3,1.5,2.7482514151482036,-1.2482514151482036
5.0,1.4,2.190721521671751,-0.7907215216717511
7.0,4.7,5.907587478181432,-1.2075874781814315
6.4,4.5,4.792527691228528,-0.2925276912285284
6.9,4.9,5.721744180355948,-0.8217441803559478
5.5,4.0,3.1199380107991708,0.8800619892008292
6.5,4.6,4.978370989054012,-0.37837098905401234
5.7,4.5,3.4916246064501397,1.0083753935498603
6.3,4.7,4.606684393403043,0.09331560659695715
4.9,3.3,2.0048782238462675,1.2951217761537324
6.6,4.6,5.164214286879496,-0.5642142868794959
5.2,3.9,2.56240811732272,1.33759188267728
5.0,3.5,2.190721521671751,1.309278478328249
5.9,4.2,3.8633112021011087,0.3366887978988915
6.0,4.0,4.049154499926592,-0.049154499926592266
6.1,4.7,4.234997797752076,0.4650022022479243
5.6,3.6,3.3057813086246544,0.29421869137534573
6.7,4.4,5.350057584704981,-0.9500575847049806
5.6,4.5,3.3057813086246544,1.1942186913753456
5.8,4.1,3.6774679042756233,0.42253209572437633
6.2,4.5,4.420841095577559,0.07915890442244056
5.6,3.9,3.3057813086246544,0.5942186913753456
5.9,4.8,3.8633112021011087,0.9366887978988911
6.1,4.0,4.234997797752076,-0.23499779775207585
6.3,4.9,4.606684393403043,0.2933156065969573
6.1,4.7,4.234997797752076,0.4650022022479243
6.4,4.3,4.792527691228528,-0.4925276912285286
6.6,4.4,5.164214286879496,-0.7642142868794952
6.8,4.8,5.5359008825304645,-0.7359008825304647
6.7,5.0,5.350057584704981,-0.35005758470498094
6.0,4.5,4.049154499926592,0.45084550007340773
5.7,3.5,3.4916246064501397,0.008375393549860277
5.5,3.8,3.1199380107991708,0.680061989200829
5.5,3.7,3.1199380107991708,0.5800619892008294
5.8,3.9,3.6774679042756233,0.2225320957243766
6.0,5.1,4.049154499926592,1.0508455000734074
5.4,4.5,2.934094712973689,1.565905287026311
6.0,4.5,4.049154499926592,0.45084550007340773
6.7,4.7,5.350057584704981,-0.6500575847049808
6.3,4.4,4.606684393403043,-0.20668439340304268
5.6,4.1,3.3057813086246544,0.7942186913753453
5.5,4.0,3.1199380107991708,0.8800619892008292
5.5,4.4,3.1199380107991708,1.2800619892008296
6.1,4.6,4.234997797752076,0.3650022022479238
5.8,4.0,3.6774679042756233,0.3225320957243767
5.0,3.3,2.190721521671751,1.1092784783282488
5.6,4.2,3.3057813086246544,0.8942186913753458
5.7,4.2,3.4916246064501397,0.7083753935498605
5.7,4.2,3.4916246064501397,0.7083753935498605
6.2,4.3,4.420841095577559,-0.12084109557755962
5.1,3.0,2.3765648194972346,0.6234351805027654
5.7,4.1,3.4916246064501397,0.6083753935498599
6.3,6.0,4.606684393403043,1.393315606596957
5.8,5.1,3.6774679042756233,1.4225320957243763
7.1,5.9,6.093430776006915,-0.19343077600691494
6.3,5.6,4.606684393403043,0.9933156065969566
6.5,5.8,4.978370989054012,0.8216290109459878
7.6,6.6,7.022647265134337,-0.42264726513433715
4.9,4.5,2.0048782238462675,2.4951217761537325
7.3,6.3,6.465117371657884,-0.16511737165788443
6.7,5.8,5.350057584704981,0.4499424152950189
7.2,6.1,6.279274073832401,-0.17927407383240102
6.5,5.1,4.978370989054012,0.12162901094598766
6.4,5.3,4.792527691228528,0.5074723087714714
6.8,5.5,5.5359008825304645,-0.03590088253046453
5.7,5.0,3.4916246064501397,1.5083753935498603
5.8,5.1,3.6774679042756233,1.4225320957243763
6.4,5.3,4.792527691228528,0.5074723087714714
6.5,5.5,4.978370989054012,0.521629010945988
7.7,6.7,7.20849056295982,-0.5084905629598202
7.7,6.9,7.20849056295982,-0.30849056295982
6.0,5.0,4.049154499926592,0.9508455000734077
6.9,5.7,5.721744180355948,-0.02174418035594794
5.6,4.9,3.3057813086246544,1.594218691375346
7.7,6.7,7.20849056295982,-0.5084905629598202
6.3,4.9,4.606684393403043,0.2933156065969573
6.7,5.7,5.350057584704981,0.34994241529501924
7.2,6.0,6.279274073832401,-0.27927407383240066
6.2,4.8,4.420841095577559,0.3791589044224404
6.1,4.9,4.234997797752076,0.6650022022479245
6.4,5.6,4.792527691228528,0.8074723087714712
7.2,5.8,6.279274073832401,-0.47927407383240084
7.4,6.1,6.65096066948337,-0.55096066948337
7.9,6.4,7.580177158610789,-1.180177158610789
6.4,5.6,4.792527691228528,0.8074723087714712
6.3,5.1,4.606684393403043,0.4933156065969566
6.1,5.6,4.234997797752076,1.3650022022479238
7.7,6.1,7.20849056295982,-1.1084905629598207
6.3,5.6,4.606684393403043,0.9933156065969566
6.4,5.5,4.792527691228528,0.7074723087714716
6.0,4.8,4.049154499926592,0.7508455000734076
6.9,5.4,5.721744180355948,-0.32174418035594776
6.7,5.6,5.350057584704981,0.2499424152950187
6.9,5.1,5.721744180355948,-0.6217441803559485
5.8,5.1,3.6774679042756233,1.4225320957243763
6.8,5.9,5.5359008825304645,0.3640991174695358
6.7,5.7,5.350057584704981,0.34994241529501924
6.7,5.2,5.350057584704981,-0.15005758470498076
6.3,5.0,4.606684393403043,0.39331560659695697
6.5,5.2,4.978370989054012,0.2216290109459882
6.2,5.4,4.420841095577559,0.9791589044224409
5.9,5.1,3.8633112021011087,1.236688797898891
